CustomerID,FullName,DOB,Gender,Region,Email,Status,JoinDate
1,Norma Fisher,1977-02-28,Female,Kashkadarya,thull@yahoo.com,Active,2023-08-03
2,Susan Wagner,1978-09-21,Female,Surkhandarya,montgomeryjohn@mcgrath.com,Inactive,2021-05-19
3,Stephanie Sutton,1991-09-03,Female,Surkhandarya,ryan93@woods.net,Inactive,2020-08-29
4,Ryan Page,2005-01-04,Male,Bukhara,vclayton@cross.com,Inactive,2022-03-02
5,Daniel Pratt,1969-03-28,Male,Samarkand,millerluke@hotmail.com,Suspended,2024-09-14
6,Kristen Mann,1996-10-17,Female,Bukhara,tamaramorrison@hotmail.com,Inactive,2022-12-27
7,Kyle Cruz,1998-09-18,Male,Samarkand,ivan20@zavala.com,Suspended,2021-10-24
8,Sarah Villanueva,1996-04-30,Female,Surkhandarya,aimee33@hotmail.com,Suspended,2024-02-10
9,Jerry Keller,2007-03-12,Male,Namangan,nguyendarrell@hotmail.com,Inactive,2023-05-24
10,Dana Dennis,1967-07-07,Female,Andijan,laura56@garcia.com,Suspended,2020-12-04
11,Madison Zuniga,2000-07-09,Female,Surkhandarya,martinezjacob@wilson.com,Suspended,2020-11-07
12,Chloe Arellano,1967-12-22,Female,Tashkent,jessicabrown@hotmail.com,Suspended,2020-09-25
13,Marc Huff,1964-04-21,Male,Samarkand,lucasmichael@brown.com,Suspended,2021-05-26
14,Jeanne Green,1991-07-17,Female,Tashkent,tammybrown@moore.com,Suspended,2024-04-21
15,Alexis Maldonado,1998-04-09,Female,Namangan,paul42@hotmail.com,Active,2020-08-24
16,Angela Stevenson,1996-08-01,Female,Samarkand,johnbenton@yahoo.com,Active,2022-12-28
17,Kevin Mcclain,2001-10-21,Male,Andijan,paul61@wheeler.com,Active,2021-11-26
18,Marcia Gray,2005-05-23,Female,Samarkand,moralesjacqueline@yahoo.com,Active,2020-12-09
19,Amy Miles,1989-12-01,Female,Surkhandarya,hensontroy@yahoo.com,Active,2024-07-06
20,Samantha Mccann,1987-10-17,Female,Fergana,monroedavid@morales.biz,Suspended,2023-03-26
21,Adrian Fischer,2005-07-12,Male,Namangan,davidbanks@ramirez-good.com,Suspended,2024-08-02
22,James Miller,1978-03-28,Male,Fergana,callahandennis@hotmail.com,Inactive,2023-06-30
23,Christopher York,1962-06-03,Male,Kashkadarya,eringrant@mays-browning.com,Inactive,2024-09-30
24,Steven Bowman,1984-11-20,Male,Fergana,nicholascarter@hernandez.com,Active,2023-08-31
25,George Oliver,1962-05-07,Male,Bukhara,edwardsilva@yahoo.com,Active,2023-11-25
26,Beverly Wilson PhD,1962-10-29,Female,Surkhandarya,melodychandler@yahoo.com,Active,2023-12-21
27,Edwin Rodriguez,1997-09-15,Male,Bukhara,zrogers@yahoo.com,Active,2021-08-07
28,Michael Simmons,1980-02-01,Male,Samarkand,samanthasims@yahoo.com,Suspended,2021-04-13
29,Angela Brady,1963-09-15,Female,Fergana,garciaangela@yahoo.com,Suspended,2024-05-10
30,Richard Klein,1974-04-29,Male,Andijan,richardsonvanessa@yahoo.com,Suspended,2025-07-09
31,Jessica Howard,1963-11-21,Female,Fergana,mgoodwin@crawford.com,Inactive,2020-11-24
32,Dr. Loretta Garcia DDS,1984-02-25,Female,Namangan,hintontonya@elliott.biz,Active,2024-12-22
33,Sylvia Morris,1993-06-17,Female,Samarkand,amyvelazquez@gmail.com,Inactive,2023-06-09
34,Nicole Flores,1981-06-11,Female,Andijan,nancymorrison@kirby.com,Active,2024-07-17
35,Bradley Melton,1962-03-23,Male,Fergana,davidturner@rivera-martin.com,Active,2024-06-17
36,Mr. Steven Shaw,1998-08-05,Male,Namangan,burgessrebecca@roberts.biz,Active,2024-08-23
37,Valerie Lawson,1975-06-09,Female,Kashkadarya,yangkevin@scott.com,Active,2024-01-05
38,James Martin,1968-03-16,Male,Bukhara,jessica50@olson.info,Suspended,2021-03-27
39,Christian Hatfield,1987-07-09,Male,Tashkent,dhughes@ruiz.com,Suspended,2020-10-25
40,Casey Nguyen,2007-03-08,Male,Tashkent,patrickfrank@yahoo.com,Active,2021-06-26
41,Leonard Mcdonald,2002-07-28,Male,Samarkand,montesjennifer@yahoo.com,Inactive,2021-08-15
42,James Carter,2005-11-19,Male,Namangan,benjaminmyers@sherman-gibson.com,Active,2020-12-02
43,Andrew Scott,1961-05-10,Male,Tashkent,claytonweiss@chan.com,Active,2021-07-04
44,Steven Henderson,1965-04-05,Male,Samarkand,abrown@navarro.info,Inactive,2024-03-17
45,Alvin Calhoun,1981-08-16,Male,Tashkent,gomezdavid@hotmail.com,Suspended,2020-10-16
46,Christopher Greer,1975-03-24,Male,Kashkadarya,carlsondouglas@gmail.com,Suspended,2022-04-14
47,Nicholas Santana,1960-01-12,Male,Fergana,hannah93@gmail.com,Active,2022-02-17
48,John Zimmerman,1977-02-11,Male,Samarkand,levymichael@woodward-phillips.net,Suspended,2023-04-28
49,Wendy Garcia,1999-01-26,Female,Namangan,nicholasthomas@gmail.com,Inactive,2022-06-09
50,David Fischer,1979-05-08,Male,Tashkent,ialvarado@hotmail.com,Suspended,2020-09-18
51,Michaela Anderson,1979-12-01,Female,Tashkent,brittanyevans@yahoo.com,Suspended,2021-04-05
52,Mark Walsh,1995-07-22,Male,Kashkadarya,aortiz@valenzuela.info,Active,2021-04-25
53,Rebecca Hill,1997-07-11,Female,Namangan,lhebert@reynolds-wright.info,Suspended,2023-06-09
54,Brenda Ford,2002-11-29,Female,Bukhara,sfischer@greer.org,Suspended,2024-06-21
55,Edwin Mack,2002-05-04,Male,Tashkent,rogerpotter@gmail.com,Suspended,2024-10-10
56,David Gill,1978-08-08,Male,Bukhara,nelsonelizabeth@scott.org,Inactive,2023-11-30
57,Nicole Gomez,2005-04-23,Female,Samarkand,johnsonlaura@ferguson-wilson.com,Suspended,2021-12-07
58,Shannon Campbell,1968-09-09,Female,Bukhara,jenkinscynthia@figueroa-strong.com,Active,2023-01-11
59,Laura Taylor,1967-12-07,Female,Kashkadarya,dmorales@castro.com,Suspended,2024-07-24
60,Claudia Burns,1993-09-03,Female,Namangan,dpearson@yahoo.com,Inactive,2023-02-04
61,Kathleen Clay,1974-03-22,Female,Bukhara,thomas08@mcdaniel.biz,Suspended,2020-08-05
62,Brian Smith,1977-12-09,Male,Surkhandarya,donaldberry@gmail.com,Suspended,2021-06-09
63,Mitchell Cruz,1982-01-17,Male,Namangan,thernandez@gmail.com,Suspended,2024-12-31
64,Daniel Lopez,1983-04-21,Male,Fergana,yroman@hotmail.com,Active,2022-06-01
65,Jeffrey Harris,1962-12-06,Male,Surkhandarya,youngchristopher@gmail.com,Inactive,2023-08-20
66,Margaret Thompson,2001-02-08,Female,Namangan,bushwilliam@yahoo.com,Suspended,2023-07-18
67,Anthony Terry,2004-11-02,Male,Fergana,thenry@yahoo.com,Inactive,2022-05-17
68,Amanda Williams,1983-05-07,Female,Samarkand,diamond21@becker-arellano.biz,Active,2025-04-14
69,Jesse Morgan,1966-07-04,Male,Namangan,marcus75@johnson-williams.com,Active,2021-03-22
70,Joseph Lopez,1973-04-06,Male,Andijan,larry64@yahoo.com,Suspended,2023-06-20
71,Cynthia Torres,1997-02-07,Female,Kashkadarya,murrayjenny@stark.info,Suspended,2024-06-16
72,Angela Allen,1970-01-03,Female,Tashkent,scottjones@yahoo.com,Inactive,2025-04-18
73,Sandra Williams,1971-10-26,Female,Tashkent,rrobinson@flores-graham.net,Active,2022-12-21
74,Rachel Dawson,1989-08-09,Female,Samarkand,joseph01@hotmail.com,Inactive,2021-05-20
75,Jason Robinson,2004-06-05,Male,Surkhandarya,htrevino@brewer-wilson.org,Suspended,2023-08-06
76,Michelle Payne,1978-09-29,Female,Tashkent,calvinparker@hall-fuller.com,Active,2025-06-29
77,Rhonda Tran,1981-11-08,Female,Namangan,burnettnatalie@gmail.com,Inactive,2022-01-17
78,Angela Hubbard,1993-05-06,Female,Tashkent,jessicacabrera@gomez-garza.info,Inactive,2021-06-17
79,Alexander Carlson,1992-10-31,Male,Samarkand,alexander38@hotmail.com,Suspended,2021-12-05
80,Johnny Ashley,1992-04-08,Male,Tashkent,greencassandra@hotmail.com,Inactive,2022-03-02
81,Rachel Cruz,1963-07-27,Female,Namangan,edwardsjulie@cooper.com,Active,2022-10-03
82,Christopher Smith,1998-07-29,Male,Tashkent,michaelhenry@johnson.com,Suspended,2022-06-18
83,Gabriel Nicholson,1983-01-06,Male,Samarkand,patriciarobinson@yahoo.com,Active,2021-10-01
84,Christopher Murphy,1987-05-08,Male,Andijan,ortizjoseph@hotmail.com,Inactive,2024-06-23
85,Krystal Martinez,1986-02-06,Female,Bukhara,masonchristy@palmer.com,Active,2022-07-24
86,Samantha Wright,1961-01-14,Female,Kashkadarya,jennifersimmons@garcia.org,Suspended,2020-11-18
87,Robert Oconnor,1961-05-25,Male,Tashkent,sdavis@hernandez.biz,Inactive,2023-06-01
88,Katherine Long,1980-09-09,Female,Samarkand,xmadden@hotmail.com,Inactive,2025-05-24
89,Timothy Johnson,1986-06-05,Male,Namangan,dreed@nelson.com,Active,2025-06-29
90,Timothy Cooley,1973-08-20,Male,Fergana,qgood@gmail.com,Active,2021-07-12
91,Gary Schmitt,1976-01-21,Male,Tashkent,sabrinalam@yahoo.com,Active,2020-08-14
92,Amber Moore,1982-12-28,Female,Namangan,connie57@yahoo.com,Inactive,2024-03-17
93,Aaron Taylor Jr.,1968-02-08,Male,Surkhandarya,frytimothy@hotmail.com,Suspended,2022-09-25
94,Chelsea Dunn,1988-05-21,Female,Kashkadarya,alyssabrown@hotmail.com,Inactive,2021-11-18
95,Todd Chen,1996-07-09,Male,Andijan,sbaker@gmail.com,Inactive,2024-03-09
96,Sally Ramirez,1977-02-10,Female,Tashkent,james62@gmail.com,Active,2024-11-21
97,Matthew Bradshaw,1997-11-15,Male,Fergana,steven08@yahoo.com,Inactive,2022-06-26
98,Heidi Jarvis,1970-04-30,Female,Namangan,courtney70@moss.com,Suspended,2024-02-11
99,Jerome Manning,1990-02-21,Male,Namangan,frankmclean@walters-shepard.com,Suspended,2024-04-05
100,Raymond Lynch,1965-09-16,Male,Tashkent,vasquezkathryn@gmail.com,Inactive,2023-12-05
